INSERT INTO EMPLOYEE VALUES (1,  'Ahmed Raza',      'ahmed.raza@news.pk');
INSERT INTO EMPLOYEE VALUES (2,  'Sara Khan',       'sara.khan@news.pk');
INSERT INTO EMPLOYEE VALUES (3,  'Bilal Hussain',   'bilal.h@news.pk');
INSERT INTO EMPLOYEE VALUES (4,  'Nadia Iqbal',     'nadia.iq@news.pk');
INSERT INTO EMPLOYEE VALUES (5,  'Usman Tariq',     'usman.t@news.pk');
INSERT INTO EMPLOYEE VALUES (6,  'Zara Malik',      'zara.m@news.pk');
INSERT INTO EMPLOYEE VALUES (7,  'Hamza Sheikh',    'hamza.sh@news.pk');
INSERT INTO EMPLOYEE VALUES (8,  'Ayesha Farooq',   'ayesha.f@news.pk');
INSERT INTO EMPLOYEE VALUES (9,  'Faisal Mehmood',  'faisal.m@news.pk');
INSERT INTO EMPLOYEE VALUES (10, 'Sana Butt',       'sana.b@news.pk');
INSERT INTO EMPLOYEE VALUES (11, 'Waqar Ali',       'waqar.a@news.pk');
INSERT INTO EMPLOYEE VALUES (12, 'Maira Rizvi',     'maira.r@news.pk');
COMMIT;

INSERT INTO JOURNALIST VALUES (1,  'Politics');
INSERT INTO JOURNALIST VALUES (2,  'Technology');
INSERT INTO JOURNALIST VALUES (3,  'Sports');
INSERT INTO JOURNALIST VALUES (4,  'Business');
INSERT INTO JOURNALIST VALUES (5,  'Health');
INSERT INTO JOURNALIST VALUES (6,  'Entertainment');
INSERT INTO JOURNALIST VALUES (7,  'World Affairs');
COMMIT;

INSERT INTO EDITOR VALUES (8,  'Senior');
INSERT INTO EDITOR VALUES (9,  'Chief');
INSERT INTO EDITOR VALUES (10, 'Junior');
INSERT INTO EDITOR VALUES (11, 'Senior');
INSERT INTO EDITOR VALUES (12, 'Chief');
COMMIT;

INSERT INTO SECTION VALUES ('Politics',       'National and international political news');
INSERT INTO SECTION VALUES ('Technology',     'Latest in tech, AI, and gadgets');
INSERT INTO SECTION VALUES ('Sports',         'Cricket, football, and more');
INSERT INTO SECTION VALUES ('Business',       'Economy, markets, and finance');
INSERT INTO SECTION VALUES ('Health',         'Medical news and wellness tips');
INSERT INTO SECTION VALUES ('Entertainment',  'Movies, music, and celebrities');
INSERT INTO SECTION VALUES ('World',          'International news and foreign affairs');
INSERT INTO SECTION VALUES ('Science',        'Research, space, and discoveries');
INSERT INTO SECTION VALUES ('Education',      'Schools, universities, and policy');
INSERT INTO SECTION VALUES ('Opinion',        'Editorial and opinion pieces');
COMMIT;

INSERT INTO SOURCE VALUES (1,  'Reuters',      'contact@reuters.com',   9.5);
INSERT INTO SOURCE VALUES (2,  'AP News',      'info@apnews.com',       9.2);
INSERT INTO SOURCE VALUES (3,  'BBC',          'newsroom@bbc.co.uk',    9.0);
INSERT INTO SOURCE VALUES (4,  'Dawn',         'editor@dawn.com',       8.5);
INSERT INTO SOURCE VALUES (5,  'Geo News',     'info@geo.tv',           7.8);
INSERT INTO SOURCE VALUES (6,  'Al Jazeera',   'info@aljazeera.net',    8.7);
INSERT INTO SOURCE VALUES (7,  'The Guardian', 'news@guardian.co.uk',   8.9);
INSERT INTO SOURCE VALUES (8,  'Bloomberg',    'tips@bloomberg.net',    9.1);
INSERT INTO SOURCE VALUES (9,  'Jang',         'desk@jang.com.pk',      7.5);
INSERT INTO SOURCE VALUES (10, 'The Nation',   'info@nation.com.pk',    7.2);
COMMIT;

INSERT INTO ARTICLE VALUES (1,  'PM Announces New Budget',       'The budget focuses on...',      'Published', DATE '2024-01-10', 1, 8,  'Politics');
INSERT INTO ARTICLE VALUES (2,  'AI Revolution in Pakistan',     'Artificial intelligence is...', 'Published', DATE '2024-01-12', 2, 9,  'Technology');
INSERT INTO ARTICLE VALUES (3,  'Pakistan Wins Cricket Series',  'The national team...',          'Published', DATE '2024-01-14', 3, 10, 'Sports');
INSERT INTO ARTICLE VALUES (4,  'Stock Market Hits Record',      'The KSE-100 index...',          'Published', DATE '2024-01-16', 4, 11, 'Business');
INSERT INTO ARTICLE VALUES (5,  'New Cancer Treatment Found',    'Researchers have...',           'Published', DATE '2024-01-18', 5, 12, 'Health');
INSERT INTO ARTICLE VALUES (6,  'Bollywood Blockbuster Releases','The film earned...',            'Published', DATE '2024-01-20', 6, 8,  'Entertainment');
INSERT INTO ARTICLE VALUES (7,  'UN Summit on Climate',          'World leaders met...',          'Published', DATE '2024-01-22', 7, 9,  'World');
INSERT INTO ARTICLE VALUES (8,  'Mars Mission Update',           'NASA reports that...',          'Draft',     NULL,             2, 10, 'Science');
INSERT INTO ARTICLE VALUES (9,  'University Fee Hike Protests',  'Students across...',            'Published', DATE '2024-01-25', 1, 11, 'Education');
INSERT INTO ARTICLE VALUES (10, 'Opinion: The Economy We Need',  'The current policies...',       'Published', DATE '2024-01-27', 4, 12, 'Opinion');
INSERT INTO ARTICLE VALUES (11, 'Senate Debate on Water Bill',   'Senators debated...',           'Archived',  DATE '2024-01-05', 1, 8,  'Politics');
INSERT INTO ARTICLE VALUES (12, 'Startup Ecosystem Growing',     'Pakistan startups...',          'Published', DATE '2024-01-30', 2, 9,  'Technology');
COMMIT;

INSERT INTO ARTICLE_SOURCE VALUES (1,  1);
INSERT INTO ARTICLE_SOURCE VALUES (1,  4);
INSERT INTO ARTICLE_SOURCE VALUES (2,  2);
INSERT INTO ARTICLE_SOURCE VALUES (2,  7);
INSERT INTO ARTICLE_SOURCE VALUES (3,  5);
INSERT INTO ARTICLE_SOURCE VALUES (4,  8);
INSERT INTO ARTICLE_SOURCE VALUES (5,  3);
INSERT INTO ARTICLE_SOURCE VALUES (6,  5);
INSERT INTO ARTICLE_SOURCE VALUES (7,  6);
INSERT INTO ARTICLE_SOURCE VALUES (8,  2);
INSERT INTO ARTICLE_SOURCE VALUES (9,  4);
INSERT INTO ARTICLE_SOURCE VALUES (10, 9);
COMMIT;

INSERT INTO SUBSCRIBER VALUES (1,  'ali_reader',   'ali@gmail.com',      'Free');
INSERT INTO SUBSCRIBER VALUES (2,  'zainab99',      'zainab@yahoo.com',   'Premium');
INSERT INTO SUBSCRIBER VALUES (3,  'khalid_pk',     'khalid@hotmail.com', 'Free');
INSERT INTO SUBSCRIBER VALUES (4,  'maryam_news',   'maryam@mail.com',    'Premium');
INSERT INTO SUBSCRIBER VALUES (5,  'tariq_fan',     'tariq@web.pk',       'Free');
INSERT INTO SUBSCRIBER VALUES (6,  'hina_writes',   'hina@gmail.com',     'Premium');
INSERT INTO SUBSCRIBER VALUES (7,  'junaid_r',      'junaid@live.com',    'Free');
INSERT INTO SUBSCRIBER VALUES (8,  'asma_pk',       'asma@yahoo.com',     'Free');
INSERT INTO SUBSCRIBER VALUES (9,  'rehman_daily',  'rehman@mail.pk',     'Premium');
INSERT INTO SUBSCRIBER VALUES (10, 'fatima_reads',  'fatima@gmail.com',   'Free');
COMMIT;

INSERT INTO IMAGE VALUES (1,  1, '/images/budget_press.jpg',   'PM at press conference');
INSERT INTO IMAGE VALUES (2,  1, '/images/parliament.jpg',     'Parliament building');
INSERT INTO IMAGE VALUES (3,  2, '/images/ai_chip.jpg',        'AI processor chip');
INSERT INTO IMAGE VALUES (4,  3, '/images/cricket_trophy.jpg', 'Victory celebration');
INSERT INTO IMAGE VALUES (5,  4, '/images/stock_graph.jpg',    'KSE-100 chart');
INSERT INTO IMAGE VALUES (6,  5, '/images/lab_research.jpg',   'Research lab');
INSERT INTO IMAGE VALUES (7,  6, '/images/movie_poster.jpg',   'Film poster');
INSERT INTO IMAGE VALUES (8,  7, '/images/un_summit.jpg',      'UN general assembly');
INSERT INTO IMAGE VALUES (9,  9, '/images/protest.jpg',        'Students protesting');
INSERT INTO IMAGE VALUES (10,12, '/images/startup_event.jpg',  'Startup pitch event');
COMMIT;

INSERT INTO REVISION VALUES (1, 1,  'Corrected budget figures',        DATE '2024-01-11');
INSERT INTO REVISION VALUES (2, 1,  'Added PM quote',                  DATE '2024-01-12');
INSERT INTO REVISION VALUES (1, 2,  'Updated AI statistics',           DATE '2024-01-13');
INSERT INTO REVISION VALUES (1, 3,  'Fixed player names',              DATE '2024-01-15');
INSERT INTO REVISION VALUES (1, 4,  'Added analyst comments',          DATE '2024-01-17');
INSERT INTO REVISION VALUES (1, 5,  'Reviewed medical terminology',    DATE '2024-01-19');
INSERT INTO REVISION VALUES (1, 6,  'Added box office numbers',        DATE '2024-01-21');
INSERT INTO REVISION VALUES (1, 7,  'Updated delegate list',           DATE '2024-01-23');
INSERT INTO REVISION VALUES (1, 9,  'Added university names',          DATE '2024-01-26');
INSERT INTO REVISION VALUES (1, 12, 'Added investor quotes',           DATE '2024-01-31');
COMMIT;

INSERT INTO COMMENT_T VALUES (1,  1, 2, 'Great coverage of the budget!',        DATE '2024-01-11');
INSERT INTO COMMENT_T VALUES (2,  1, 5, 'I disagree with the tax policy.',       DATE '2024-01-12');
INSERT INTO COMMENT_T VALUES (3,  2, 3, 'AI is changing everything!',            DATE '2024-01-13');
INSERT INTO COMMENT_T VALUES (4,  3, 1, 'Pakistan cricket is back!',             DATE '2024-01-14');
INSERT INTO COMMENT_T VALUES (5,  4, 6, 'Investors are excited.',                DATE '2024-01-17');
INSERT INTO COMMENT_T VALUES (6,  5, 4, 'This treatment could save lives.',      DATE '2024-01-19');
INSERT INTO COMMENT_T VALUES (7,  6, 7, 'Loved the movie!',                      DATE '2024-01-21');
INSERT INTO COMMENT_T VALUES (8,  7, 8, 'Climate change is a global crisis.',    DATE '2024-01-23');
INSERT INTO COMMENT_T VALUES (9,  9, 9, 'Students have every right to protest.', DATE '2024-01-26');
INSERT INTO COMMENT_T VALUES (10,12,10, 'Pakistan startups are amazing!',        DATE '2024-01-31');
COMMIT;

INSERT INTO ADSPACE VALUES (1,  'Politics',     '728x90',  'Banner',  5000.00);
INSERT INTO ADSPACE VALUES (2,  'Technology',   '300x250', 'Sidebar', 3500.00);
INSERT INTO ADSPACE VALUES (3,  'Sports',       '970x250', 'Banner',  6000.00);
INSERT INTO ADSPACE VALUES (4,  'Business',     '300x600', 'Sidebar', 4500.00);
INSERT INTO ADSPACE VALUES (5,  'Health',       '728x90',  'Footer',  2500.00);
INSERT INTO ADSPACE VALUES (6,  'Entertainment','320x480', 'Sidebar', 4000.00);
INSERT INTO ADSPACE VALUES (7,  'World',        '728x90',  'Banner',  4800.00);
INSERT INTO ADSPACE VALUES (8,  'Science',      '300x250', 'Sidebar', 3000.00);
INSERT INTO ADSPACE VALUES (9,  'Education',    '728x90',  'Footer',  2000.00);
INSERT INTO ADSPACE VALUES (10, 'Opinion',      '300x250', 'Sidebar', 2800.00);
COMMIT;

